evidence_id,source_type,local_relative_path,sha256,captured_at_utc,sanitized_summary,ip_privacy_review,status
EV-0191,metadata,.reference-local/capture-meta.json,2e85c6d116f9ea98c1b4ffa126b88d1c54670f785e15269596250e94aceab899,2026-07-18T18:54:39.0629549Z,"capture metadata",pass,captured
EV-0001,screenshot,.reference-local/screenshots/EV-0001.png,94855089196847cbfe65b58a7c029fe9aff9fd33ba29a47eee7d704ed24caab7,2026-07-18T18:14:14.4912916Z,"raw screenshot capture",pass,captured
EV-0002,ui_dump,.reference-local/ui-dumps/EV-0002.xml,e55233eed3dcc1c9b772f48621b61c43b9163b859e4907f117bd89a6f7675892,2026-07-18T18:14:17.9946198Z,"raw UI dump capture",pass,captured
EV-0003,screenshot,.reference-local/screenshots/EV-0003.png,5646db2dbe39c28eb4df12ea60117dc75c56e4f6fe27abb30cea956031abc2b7,2026-07-18T18:15:23.1922238Z,"raw screenshot capture",pass,captured
EV-0004,ui_dump,.reference-local/ui-dumps/EV-0004.xml,c2cf56b895363a7579def1c7bc5d28609a12cab1b9b2175f1f5287827f6dcdbe,2026-07-18T18:15:25.6047089Z,"raw UI dump capture",pass,captured
EV-0005,screenshot,.reference-local/screenshots/EV-0005.png,2d21676b73598aebab8e21935e3da4047c3c5b3a4e2d2e9975d2ee73d4b9c291,2026-07-18T18:15:51.0002512Z,"raw screenshot capture",pass,captured
EV-0006,ui_dump,.reference-local/ui-dumps/EV-0006.xml,c2cf56b895363a7579def1c7bc5d28609a12cab1b9b2175f1f5287827f6dcdbe,2026-07-18T18:15:53.4348275Z,"raw UI dump capture",pass,captured
EV-0007,screenshot,.reference-local/screenshots/EV-0007.png,61ef661422212974cea0859a4e7779648bcfce11c8e7275384109d419f3e2fec,2026-07-18T18:15:56.4814946Z,"raw screenshot capture",pass,captured
EV-0008,ui_dump,.reference-local/ui-dumps/EV-0008.xml,c2cf56b895363a7579def1c7bc5d28609a12cab1b9b2175f1f5287827f6dcdbe,2026-07-18T18:15:59.0344653Z,"raw UI dump capture",pass,captured
EV-0009,screenshot,.reference-local/screenshots/EV-0009.png,7016368cc1f42376822c4f397d16c739ab2ec0e83553293e5f4e6d2e4a71dc9a,2026-07-18T18:16:26.5014501Z,"raw screenshot capture",pass,captured
EV-0010,ui_dump,.reference-local/ui-dumps/EV-0010.xml,c2cf56b895363a7579def1c7bc5d28609a12cab1b9b2175f1f5287827f6dcdbe,2026-07-18T18:16:28.9831627Z,"raw UI dump capture",pass,captured
EV-0011,screenshot,.reference-local/screenshots/EV-0011.png,61ef661422212974cea0859a4e7779648bcfce11c8e7275384109d419f3e2fec,2026-07-18T18:16:31.9677609Z,"raw screenshot capture",pass,captured
EV-0012,ui_dump,.reference-local/ui-dumps/EV-0012.xml,c2cf56b895363a7579def1c7bc5d28609a12cab1b9b2175f1f5287827f6dcdbe,2026-07-18T18:16:34.4970395Z,"raw UI dump capture",pass,captured
EV-0013,screenshot,.reference-local/screenshots/EV-0013.png,3a330b1d4167a536e22f8436122b1e833a37195342282e06f25b19f1d1e0b822,2026-07-18T18:16:58.4927679Z,"raw screenshot capture",pass,captured
EV-0014,ui_dump,.reference-local/ui-dumps/EV-0014.xml,c2cf56b895363a7579def1c7bc5d28609a12cab1b9b2175f1f5287827f6dcdbe,2026-07-18T18:17:00.8794036Z,"raw UI dump capture",pass,captured
EV-0015,screenshot,.reference-local/screenshots/EV-0015.png,484b1b6b92f4205c93ed904e96c496645996157fdf79fea5e503192add310693,2026-07-18T18:17:03.9585593Z,"raw screenshot capture",pass,captured
EV-0016,ui_dump,.reference-local/ui-dumps/EV-0016.xml,c2cf56b895363a7579def1c7bc5d28609a12cab1b9b2175f1f5287827f6dcdbe,2026-07-18T18:17:06.5019016Z,"raw UI dump capture",pass,captured
EV-0017,screenshot,.reference-local/screenshots/EV-0017.png,0a3044105b31163d43b72388b9dc081da681e032ce716073d91ac603013d1b3d,2026-07-18T18:17:26.6306093Z,"raw screenshot capture",pass,captured
EV-0018,ui_dump,.reference-local/ui-dumps/EV-0018.xml,c2cf56b895363a7579def1c7bc5d28609a12cab1b9b2175f1f5287827f6dcdbe,2026-07-18T18:17:29.0790347Z,"raw UI dump capture",pass,captured
EV-0019,screenshot,.reference-local/screenshots/EV-0019.png,c56f6d9f2ac730e0bcae9361613f2603669da454787754ad93c16c736843d3db,2026-07-18T18:17:32.0931595Z,"raw screenshot capture",pass,captured
EV-0020,ui_dump,.reference-local/ui-dumps/EV-0020.xml,c2cf56b895363a7579def1c7bc5d28609a12cab1b9b2175f1f5287827f6dcdbe,2026-07-18T18:17:34.5237475Z,"raw UI dump capture",pass,captured
EV-0021,screenshot,.reference-local/screenshots/EV-0021.png,9ad4458499031b3c2107b36bd9568a4d29e7ef749bcd3b5a52b18a73c624beb8,2026-07-18T18:17:54.1333750Z,"raw screenshot capture",pass,captured
EV-0022,ui_dump,.reference-local/ui-dumps/EV-0022.xml,c2cf56b895363a7579def1c7bc5d28609a12cab1b9b2175f1f5287827f6dcdbe,2026-07-18T18:17:56.4192469Z,"raw UI dump capture",pass,captured
EV-0023,screenshot,.reference-local/screenshots/EV-0023.png,ff1cb25409c9fa6952780d14a8d12ad9481ba149763d30badabdfe1e4e806b4c,2026-07-18T18:17:59.6999774Z,"raw screenshot capture",pass,captured
EV-0024,ui_dump,.reference-local/ui-dumps/EV-0024.xml,c2cf56b895363a7579def1c7bc5d28609a12cab1b9b2175f1f5287827f6dcdbe,2026-07-18T18:18:02.1847201Z,"raw UI dump capture",pass,captured
EV-0025,screenshot,.reference-local/screenshots/EV-0025.png,c2ebd0054f4fecb1ecdeb3c458ddd39032f2d8580bcc353a6d8c25f29278bd07,2026-07-18T18:18:24.7477012Z,"raw screenshot capture",pass,captured
EV-0026,ui_dump,.reference-local/ui-dumps/EV-0026.xml,c2cf56b895363a7579def1c7bc5d28609a12cab1b9b2175f1f5287827f6dcdbe,2026-07-18T18:18:27.1131406Z,"raw UI dump capture",pass,captured
EV-0027,screenshot,.reference-local/screenshots/EV-0027.png,8c26ca08b5d71fa13fc2a3bd47b6a84e518a3ad984452644625bbdc437bf9a02,2026-07-18T18:18:29.8328981Z,"raw screenshot capture",pass,captured
EV-0028,ui_dump,.reference-local/ui-dumps/EV-0028.xml,c2cf56b895363a7579def1c7bc5d28609a12cab1b9b2175f1f5287827f6dcdbe,2026-07-18T18:18:32.2711535Z,"raw UI dump capture",pass,captured
EV-0029,screenshot,.reference-local/screenshots/EV-0029.png,8c26ca08b5d71fa13fc2a3bd47b6a84e518a3ad984452644625bbdc437bf9a02,2026-07-18T18:18:55.9301948Z,"raw screenshot capture",pass,captured
EV-0030,ui_dump,.reference-local/ui-dumps/EV-0030.xml,c2cf56b895363a7579def1c7bc5d28609a12cab1b9b2175f1f5287827f6dcdbe,2026-07-18T18:18:58.2798914Z,"raw UI dump capture",pass,captured
EV-0031,screenshot,.reference-local/screenshots/EV-0031.png,b187180dffb8f71fdf65cd5013ff60c440acbdf4cae4c0e0997523b0aa31b4a6,2026-07-18T18:19:01.4769156Z,"raw screenshot capture",pass,captured
EV-0032,ui_dump,.reference-local/ui-dumps/EV-0032.xml,c2cf56b895363a7579def1c7bc5d28609a12cab1b9b2175f1f5287827f6dcdbe,2026-07-18T18:19:03.8880808Z,"raw UI dump capture",pass,captured
EV-0033,screenshot,.reference-local/screenshots/EV-0033.png,b187180dffb8f71fdf65cd5013ff60c440acbdf4cae4c0e0997523b0aa31b4a6,2026-07-18T18:19:27.0284499Z,"raw screenshot capture",pass,captured
EV-0034,ui_dump,.reference-local/ui-dumps/EV-0034.xml,c2cf56b895363a7579def1c7bc5d28609a12cab1b9b2175f1f5287827f6dcdbe,2026-07-18T18:19:29.3729896Z,"raw UI dump capture",pass,captured
EV-0035,screenshot,.reference-local/screenshots/EV-0035.png,eea1c6c1991c6af2f1edb734e6c0ae920e4ce0a9327acba33e086b98b341ae45,2026-07-18T18:19:32.4037559Z,"raw screenshot capture",pass,captured
EV-0036,ui_dump,.reference-local/ui-dumps/EV-0036.xml,c2cf56b895363a7579def1c7bc5d28609a12cab1b9b2175f1f5287827f6dcdbe,2026-07-18T18:19:34.9140176Z,"raw UI dump capture",pass,captured
EV-0037,screenshot,.reference-local/screenshots/EV-0037.png,e6d91262eb6de6503b20da179261c497c46cc9c015ad408ac7acfae787682d18,2026-07-18T18:19:56.4426720Z,"raw screenshot capture",pass,captured
EV-0038,ui_dump,.reference-local/ui-dumps/EV-0038.xml,c2cf56b895363a7579def1c7bc5d28609a12cab1b9b2175f1f5287827f6dcdbe,2026-07-18T18:19:59.6421490Z,"raw UI dump capture",pass,captured
EV-0039,screenshot,.reference-local/screenshots/EV-0039.png,459f89e7e2db603c8435543cd8c8aebbf299681165721f980d7e8b4c417c4413,2026-07-18T18:20:01.8314602Z,"raw screenshot capture",pass,captured
EV-0040,ui_dump,.reference-local/ui-dumps/EV-0040.xml,c2cf56b895363a7579def1c7bc5d28609a12cab1b9b2175f1f5287827f6dcdbe,2026-07-18T18:20:04.0844188Z,"raw UI dump capture",pass,captured
EV-0041,screenshot,.reference-local/screenshots/EV-0041.png,459f89e7e2db603c8435543cd8c8aebbf299681165721f980d7e8b4c417c4413,2026-07-18T18:20:26.8323416Z,"raw screenshot capture",pass,captured
EV-0042,ui_dump,.reference-local/ui-dumps/EV-0042.xml,c2cf56b895363a7579def1c7bc5d28609a12cab1b9b2175f1f5287827f6dcdbe,2026-07-18T18:20:29.1238472Z,"raw UI dump capture",pass,captured
EV-0043,screenshot,.reference-local/screenshots/EV-0043.png,cf1826f144b8ac1805f5146f5243eb6f988fcf18852332c5ec9dd4a247d810b8,2026-07-18T18:20:31.3943684Z,"raw screenshot capture",pass,captured
EV-0044,ui_dump,.reference-local/ui-dumps/EV-0044.xml,c2cf56b895363a7579def1c7bc5d28609a12cab1b9b2175f1f5287827f6dcdbe,2026-07-18T18:20:33.6963975Z,"raw UI dump capture",pass,captured
EV-0045,screenshot,.reference-local/screenshots/EV-0045.png,cf1826f144b8ac1805f5146f5243eb6f988fcf18852332c5ec9dd4a247d810b8,2026-07-18T18:20:58.7963030Z,"raw screenshot capture",pass,captured
EV-0046,ui_dump,.reference-local/ui-dumps/EV-0046.xml,c2cf56b895363a7579def1c7bc5d28609a12cab1b9b2175f1f5287827f6dcdbe,2026-07-18T18:21:01.0246832Z,"raw UI dump capture",pass,captured
EV-0047,screenshot,.reference-local/screenshots/EV-0047.png,fab30a382f344e23fae5c8e45c8db25102b29af98e0fdceeb9d182be39470476,2026-07-18T18:21:03.6133643Z,"raw screenshot capture",pass,captured
EV-0048,ui_dump,.reference-local/ui-dumps/EV-0048.xml,c2cf56b895363a7579def1c7bc5d28609a12cab1b9b2175f1f5287827f6dcdbe,2026-07-18T18:21:05.9313925Z,"raw UI dump capture",pass,captured
EV-0049,screenshot,.reference-local/screenshots/EV-0049.png,8125d2683f86fceab7c0ee1535e46a0b834706ff9b44a706ca51409d07f77067,2026-07-18T18:21:29.6016680Z,"raw screenshot capture",pass,captured
EV-0050,ui_dump,.reference-local/ui-dumps/EV-0050.xml,c2cf56b895363a7579def1c7bc5d28609a12cab1b9b2175f1f5287827f6dcdbe,2026-07-18T18:21:31.8223809Z,"raw UI dump capture",pass,captured
EV-0051,screenshot,.reference-local/screenshots/EV-0051.png,886701f9d92d528f1a5f8455fc1faaa168acc1059b457b136e53ccc46a90d4f9,2026-07-18T18:21:34.4200675Z,"raw screenshot capture",pass,captured
EV-0052,ui_dump,.reference-local/ui-dumps/EV-0052.xml,c2cf56b895363a7579def1c7bc5d28609a12cab1b9b2175f1f5287827f6dcdbe,2026-07-18T18:21:36.7557544Z,"raw UI dump capture",pass,captured
EV-0053,screenshot,.reference-local/screenshots/EV-0053.png,886701f9d92d528f1a5f8455fc1faaa168acc1059b457b136e53ccc46a90d4f9,2026-07-18T18:22:00.5125457Z,"raw screenshot capture",pass,captured
EV-0054,ui_dump,.reference-local/ui-dumps/EV-0054.xml,c2cf56b895363a7579def1c7bc5d28609a12cab1b9b2175f1f5287827f6dcdbe,2026-07-18T18:22:02.6422857Z,"raw UI dump capture",pass,captured
EV-0055,screenshot,.reference-local/screenshots/EV-0055.png,297403eedab824e19ac015c9c40a44f626c3ad2cfa046c1eff694047846ecd2a,2026-07-18T18:22:05.3471861Z,"raw screenshot capture",pass,captured
EV-0056,ui_dump,.reference-local/ui-dumps/EV-0056.xml,c2cf56b895363a7579def1c7bc5d28609a12cab1b9b2175f1f5287827f6dcdbe,2026-07-18T18:22:07.6991843Z,"raw UI dump capture",pass,captured
EV-0057,screenshot,.reference-local/screenshots/EV-0057.png,f43d2b333f198a09d6e6f07732d911914da01ea40cf6355ca58729581344490c,2026-07-18T18:22:32.8068777Z,"raw screenshot capture",pass,captured
EV-0058,ui_dump,.reference-local/ui-dumps/EV-0058.xml,c2cf56b895363a7579def1c7bc5d28609a12cab1b9b2175f1f5287827f6dcdbe,2026-07-18T18:22:35.0693055Z,"raw UI dump capture",pass,captured
EV-0059,screenshot,.reference-local/screenshots/EV-0059.png,f43d2b333f198a09d6e6f07732d911914da01ea40cf6355ca58729581344490c,2026-07-18T18:22:37.2835382Z,"raw screenshot capture",pass,captured
EV-0060,ui_dump,.reference-local/ui-dumps/EV-0060.xml,c2cf56b895363a7579def1c7bc5d28609a12cab1b9b2175f1f5287827f6dcdbe,2026-07-18T18:22:39.5801703Z,"raw UI dump capture",pass,captured
EV-0061,screenshot,.reference-local/screenshots/EV-0061.png,f43d2b333f198a09d6e6f07732d911914da01ea40cf6355ca58729581344490c,2026-07-18T18:23:08.3907743Z,"raw screenshot capture",pass,captured
EV-0062,ui_dump,.reference-local/ui-dumps/EV-0062.xml,c2cf56b895363a7579def1c7bc5d28609a12cab1b9b2175f1f5287827f6dcdbe,2026-07-18T18:23:10.7301544Z,"raw UI dump capture",pass,captured
EV-0063,screenshot,.reference-local/screenshots/EV-0063.png,282b14138d8c09439e8b111ce4baa3b44913f04dfc0069d22eca83231e3e6882,2026-07-18T18:23:13.6396015Z,"raw screenshot capture",pass,captured
EV-0064,ui_dump,.reference-local/ui-dumps/EV-0064.xml,c2cf56b895363a7579def1c7bc5d28609a12cab1b9b2175f1f5287827f6dcdbe,2026-07-18T18:23:16.0442973Z,"raw UI dump capture",pass,captured
EV-0065,screenshot,.reference-local/screenshots/EV-0065.png,01f177caf1bd74d3b4432fca3cb5454475743f0581fd76652dac6e3b5758fdb0,2026-07-18T18:23:41.7746499Z,"raw screenshot capture",pass,captured
EV-0066,ui_dump,.reference-local/ui-dumps/EV-0066.xml,c2cf56b895363a7579def1c7bc5d28609a12cab1b9b2175f1f5287827f6dcdbe,2026-07-18T18:23:44.1642325Z,"raw UI dump capture",pass,captured
EV-0067,screenshot,.reference-local/screenshots/EV-0067.png,369e991453027993717bd2338f39bfadfc0b0fc8d199125767f00605c23e1ad0,2026-07-18T18:23:47.1440159Z,"raw screenshot capture",pass,captured
EV-0068,ui_dump,.reference-local/ui-dumps/EV-0068.xml,c2cf56b895363a7579def1c7bc5d28609a12cab1b9b2175f1f5287827f6dcdbe,2026-07-18T18:23:49.6829517Z,"raw UI dump capture",pass,captured
EV-0069,screenshot,.reference-local/screenshots/EV-0069.png,369e991453027993717bd2338f39bfadfc0b0fc8d199125767f00605c23e1ad0,2026-07-18T18:24:17.2724290Z,"raw screenshot capture",pass,captured
EV-0070,ui_dump,.reference-local/ui-dumps/EV-0070.xml,c2cf56b895363a7579def1c7bc5d28609a12cab1b9b2175f1f5287827f6dcdbe,2026-07-18T18:24:19.7939099Z,"raw UI dump capture",pass,captured
EV-0071,screenshot,.reference-local/screenshots/EV-0071.png,5e7109019d12b5c606575e1e98cded6e99950c7304d1def4649d6b3773165cd3,2026-07-18T18:24:23.0652561Z,"raw screenshot capture",pass,captured
EV-0072,ui_dump,.reference-local/ui-dumps/EV-0072.xml,c2cf56b895363a7579def1c7bc5d28609a12cab1b9b2175f1f5287827f6dcdbe,2026-07-18T18:24:25.5372048Z,"raw UI dump capture",pass,captured
EV-0073,screenshot,.reference-local/screenshots/EV-0073.png,8f2be3e4613d5e85a37fb1eff9a07b7e3d4e42a485bab37f5281561c78443779,2026-07-18T18:24:52.0465471Z,"raw screenshot capture",pass,captured
EV-0074,ui_dump,.reference-local/ui-dumps/EV-0074.xml,c2cf56b895363a7579def1c7bc5d28609a12cab1b9b2175f1f5287827f6dcdbe,2026-07-18T18:24:54.4427039Z,"raw UI dump capture",pass,captured
EV-0075,screenshot,.reference-local/screenshots/EV-0075.png,8f2be3e4613d5e85a37fb1eff9a07b7e3d4e42a485bab37f5281561c78443779,2026-07-18T18:25:44.8966452Z,"raw screenshot capture",pass,captured
EV-0076,ui_dump,.reference-local/ui-dumps/EV-0076.xml,c2cf56b895363a7579def1c7bc5d28609a12cab1b9b2175f1f5287827f6dcdbe,2026-07-18T18:25:47.2866509Z,"raw UI dump capture",pass,captured
EV-0077,screenshot,.reference-local/screenshots/EV-0077.png,117794ca50c0295bcee4edae864835155add28b536d34828c5307496f36ca6df,2026-07-18T18:25:50.0774635Z,"raw screenshot capture",pass,captured
EV-0078,ui_dump,.reference-local/ui-dumps/EV-0078.xml,c2cf56b895363a7579def1c7bc5d28609a12cab1b9b2175f1f5287827f6dcdbe,2026-07-18T18:25:52.5431024Z,"raw UI dump capture",pass,captured
EV-0079,screenshot,.reference-local/screenshots/EV-0079.png,0c439ed8a46d8bd6778fc09b7bbb0687ddee84b8014346062c6614f08dacbcf0,2026-07-18T18:26:22.0835262Z,"raw screenshot capture",pass,captured
EV-0080,ui_dump,.reference-local/ui-dumps/EV-0080.xml,c2cf56b895363a7579def1c7bc5d28609a12cab1b9b2175f1f5287827f6dcdbe,2026-07-18T18:26:24.4731484Z,"raw UI dump capture",pass,captured
EV-0081,screenshot,.reference-local/screenshots/EV-0081.png,3009e6cda7b95b2c6e06cddf4a5e6450c5b78f1a1f67ad171f6946c13dcabe34,2026-07-18T18:26:27.5449835Z,"raw screenshot capture",pass,captured
EV-0082,ui_dump,.reference-local/ui-dumps/EV-0082.xml,c2cf56b895363a7579def1c7bc5d28609a12cab1b9b2175f1f5287827f6dcdbe,2026-07-18T18:26:30.0313559Z,"raw UI dump capture",pass,captured
EV-0083,screenshot,.reference-local/screenshots/EV-0083.png,d8744cc7e03e06666dfc44a348e426437aec5af26c4e5cd065ae63fa95dd146e,2026-07-18T18:26:55.9894682Z,"raw screenshot capture",pass,captured
EV-0084,ui_dump,.reference-local/ui-dumps/EV-0084.xml,c2cf56b895363a7579def1c7bc5d28609a12cab1b9b2175f1f5287827f6dcdbe,2026-07-18T18:26:58.3618573Z,"raw UI dump capture",pass,captured
EV-0085,screenshot,.reference-local/screenshots/EV-0085.png,1d8afcd522153ff687610497462d68fae8ccb6afb4b912442b772a890bbc1169,2026-07-18T18:27:01.2225426Z,"raw screenshot capture",pass,captured
EV-0086,ui_dump,.reference-local/ui-dumps/EV-0086.xml,c2cf56b895363a7579def1c7bc5d28609a12cab1b9b2175f1f5287827f6dcdbe,2026-07-18T18:27:03.7384509Z,"raw UI dump capture",pass,captured
EV-0087,screenshot,.reference-local/screenshots/EV-0087.png,1d8afcd522153ff687610497462d68fae8ccb6afb4b912442b772a890bbc1169,2026-07-18T18:27:30.6743180Z,"raw screenshot capture",pass,captured
EV-0088,ui_dump,.reference-local/ui-dumps/EV-0088.xml,c2cf56b895363a7579def1c7bc5d28609a12cab1b9b2175f1f5287827f6dcdbe,2026-07-18T18:27:33.1629460Z,"raw UI dump capture",pass,captured
EV-0089,screenshot,.reference-local/screenshots/EV-0089.png,d8387d37b4f2e8dc6fb6dade81ca2b8c18ee004d9b2f26706d2502eec5785307,2026-07-18T18:27:37.5684420Z,"raw screenshot capture",pass,captured
EV-0090,ui_dump,.reference-local/ui-dumps/EV-0090.xml,c2cf56b895363a7579def1c7bc5d28609a12cab1b9b2175f1f5287827f6dcdbe,2026-07-18T18:27:40.0594498Z,"raw UI dump capture",pass,captured
EV-0091,screenshot,.reference-local/screenshots/EV-0091.png,62237eb793794fe1c9da5b97288f8f8a8b21a85b122ccacf94da0156145541ee,2026-07-18T18:28:14.1366556Z,"raw screenshot capture",pass,captured
EV-0092,ui_dump,.reference-local/ui-dumps/EV-0092.xml,c2cf56b895363a7579def1c7bc5d28609a12cab1b9b2175f1f5287827f6dcdbe,2026-07-18T18:28:16.3922613Z,"raw UI dump capture",pass,captured
EV-0093,screenshot,.reference-local/screenshots/EV-0093.png,62237eb793794fe1c9da5b97288f8f8a8b21a85b122ccacf94da0156145541ee,2026-07-18T18:28:46.5854093Z,"raw screenshot capture",pass,captured
EV-0094,ui_dump,.reference-local/ui-dumps/EV-0094.xml,c2cf56b895363a7579def1c7bc5d28609a12cab1b9b2175f1f5287827f6dcdbe,2026-07-18T18:28:48.8607794Z,"raw UI dump capture",pass,captured
EV-0095,screenshot,.reference-local/screenshots/EV-0095.png,8f98846fb991e8207f1ce7aa28a1977736b8cf674a4f9060a2bbc55753d9e1ac,2026-07-18T18:28:51.5572126Z,"raw screenshot capture",pass,captured
EV-0096,ui_dump,.reference-local/ui-dumps/EV-0096.xml,c2cf56b895363a7579def1c7bc5d28609a12cab1b9b2175f1f5287827f6dcdbe,2026-07-18T18:28:54.0118541Z,"raw UI dump capture",pass,captured
EV-0097,screenshot,.reference-local/screenshots/EV-0097.png,54639af7d4b647466e64088d82a2d8d9ae911f2c8534d706ea5d451107fb6ea1,2026-07-18T18:29:22.6976902Z,"raw screenshot capture",pass,captured
EV-0098,ui_dump,.reference-local/ui-dumps/EV-0098.xml,c2cf56b895363a7579def1c7bc5d28609a12cab1b9b2175f1f5287827f6dcdbe,2026-07-18T18:29:24.9270223Z,"raw UI dump capture",pass,captured
EV-0099,screenshot,.reference-local/screenshots/EV-0099.png,4359a17937343e7d0345ab022e904e1597a8be1b64e7cff62031e4f628912677,2026-07-18T18:29:26.8173432Z,"raw screenshot capture",pass,captured
EV-0100,ui_dump,.reference-local/ui-dumps/EV-0100.xml,9d13b8891bafb6db90119ac428ac47c9ad11683d9b14c64fe5352d9d654caae8,2026-07-18T18:29:29.2168591Z,"raw UI dump capture",pass,captured
EV-0101,screenshot,.reference-local/screenshots/EV-0101.png,b883a84948e412da924111de84a52a80ace3d50f7e3a845da3c108a060636d0b,2026-07-18T18:30:10.9994603Z,"raw screenshot capture",pass,captured
EV-0102,ui_dump,.reference-local/ui-dumps/EV-0102.xml,9d13b8891bafb6db90119ac428ac47c9ad11683d9b14c64fe5352d9d654caae8,2026-07-18T18:30:13.1118190Z,"raw UI dump capture",pass,captured
EV-0103,screenshot,.reference-local/screenshots/EV-0103.png,b883a84948e412da924111de84a52a80ace3d50f7e3a845da3c108a060636d0b,2026-07-18T18:30:46.7093296Z,"raw screenshot capture",pass,captured
EV-0104,ui_dump,.reference-local/ui-dumps/EV-0104.xml,9d13b8891bafb6db90119ac428ac47c9ad11683d9b14c64fe5352d9d654caae8,2026-07-18T18:30:48.8690733Z,"raw UI dump capture",pass,captured
EV-0105,screenshot,.reference-local/screenshots/EV-0105.png,49b5ffc345da36d3519d5cdd60208a979e1853c4c490ff2e207c27ae4316cfd8,2026-07-18T18:31:10.0248315Z,"raw screenshot capture",pass,captured
EV-0106,ui_dump,.reference-local/ui-dumps/EV-0106.xml,e55233eed3dcc1c9b772f48621b61c43b9163b859e4907f117bd89a6f7675892,2026-07-18T18:31:11.5670714Z,"raw UI dump capture",pass,captured
EV-0107,screenshot,.reference-local/screenshots/EV-0107.png,ed0f0fc3ffe889413b88fe4da7260de7bc2c88b50bc6ba0c9d4200204d03c4fb,2026-07-18T18:32:08.7448871Z,"raw screenshot capture",pass,captured
EV-0108,ui_dump,.reference-local/ui-dumps/EV-0108.xml,6a1c3cd05029d75bb28127e47ae1058b4d1f924b8de98c589ed49d2b1e4a6f19,2026-07-18T18:32:11.1005717Z,"raw UI dump capture",pass,captured
EV-0109,screenshot,.reference-local/screenshots/EV-0109.png,5d06556af999f9452bf4fec9c4205999fb756755af90a1ab6274721dbfc376eb,2026-07-18T18:32:13.2908274Z,"raw screenshot capture",pass,captured
EV-0110,ui_dump,.reference-local/ui-dumps/EV-0110.xml,28d52ef7b3db03260fe3c9f702cf1a7bf93c206fdfeed10c02aa2e24cd3d9383,2026-07-18T18:32:15.6516552Z,"raw UI dump capture",pass,captured
EV-0111,screenshot,.reference-local/screenshots/EV-0111.png,8739f57d5ebdc44d3509992e382473548603242eff514e094e99d7998c221f94,2026-07-18T18:32:48.8730613Z,"raw screenshot capture",pass,captured
EV-0112,ui_dump,.reference-local/ui-dumps/EV-0112.xml,28d52ef7b3db03260fe3c9f702cf1a7bf93c206fdfeed10c02aa2e24cd3d9383,2026-07-18T18:32:51.1795247Z,"raw UI dump capture",pass,captured
EV-0113,screenshot,.reference-local/screenshots/EV-0113.png,8446ed9cd10ba38ce149a6597a5572989ac204fb075c138e7fbcefb3436256b4,2026-07-18T18:32:52.9760866Z,"raw screenshot capture",pass,captured
EV-0114,ui_dump,.reference-local/ui-dumps/EV-0114.xml,28d52ef7b3db03260fe3c9f702cf1a7bf93c206fdfeed10c02aa2e24cd3d9383,2026-07-18T18:32:55.3368022Z,"raw UI dump capture",pass,captured
EV-0115,screenshot,.reference-local/screenshots/EV-0115.png,f52a1d8db70eaca65bb57dab1b911c7966e562b8c17c85fedde60ea338694f71,2026-07-18T18:33:22.5828508Z,"raw screenshot capture",pass,captured
EV-0116,ui_dump,.reference-local/ui-dumps/EV-0116.xml,28d52ef7b3db03260fe3c9f702cf1a7bf93c206fdfeed10c02aa2e24cd3d9383,2026-07-18T18:33:24.8193126Z,"raw UI dump capture",pass,captured
EV-0117,screenshot,.reference-local/screenshots/EV-0117.png,279610040610d1ce8bf2f31bf7c51bc5a834cc44d971bb6778f1f215168ef360,2026-07-18T18:33:27.2939345Z,"raw screenshot capture",pass,captured
EV-0118,ui_dump,.reference-local/ui-dumps/EV-0118.xml,28d52ef7b3db03260fe3c9f702cf1a7bf93c206fdfeed10c02aa2e24cd3d9383,2026-07-18T18:33:29.6837608Z,"raw UI dump capture",pass,captured
EV-0119,screenshot,.reference-local/screenshots/EV-0119.png,279610040610d1ce8bf2f31bf7c51bc5a834cc44d971bb6778f1f215168ef360,2026-07-18T18:34:03.1492457Z,"raw screenshot capture",pass,captured
EV-0120,ui_dump,.reference-local/ui-dumps/EV-0120.xml,28d52ef7b3db03260fe3c9f702cf1a7bf93c206fdfeed10c02aa2e24cd3d9383,2026-07-18T18:34:05.3434732Z,"raw UI dump capture",pass,captured
EV-0121,screenshot,.reference-local/screenshots/EV-0121.png,cd221b14ade6f7db256f628db120d6b82bba55d074de676e4f75d40e19cac64e,2026-07-18T18:34:09.1966169Z,"raw screenshot capture",pass,captured
EV-0122,ui_dump,.reference-local/ui-dumps/EV-0122.xml,28d52ef7b3db03260fe3c9f702cf1a7bf93c206fdfeed10c02aa2e24cd3d9383,2026-07-18T18:34:11.4847257Z,"raw UI dump capture",pass,captured
EV-0123,screenshot,.reference-local/screenshots/EV-0123.png,29a57e547b7284262eabcf54f4c5ab59f8a193b6f6a19a4e774f2081aebf103e,2026-07-18T18:34:46.2465460Z,"raw screenshot capture",pass,captured
EV-0124,ui_dump,.reference-local/ui-dumps/EV-0124.xml,28d52ef7b3db03260fe3c9f702cf1a7bf93c206fdfeed10c02aa2e24cd3d9383,2026-07-18T18:34:48.4484796Z,"raw UI dump capture",pass,captured
EV-0125,screenshot,.reference-local/screenshots/EV-0125.png,6ba6e054de83edb316f26d155bd625082d865852d63679584a42c0421c3ed183,2026-07-18T18:34:50.4858044Z,"raw screenshot capture",pass,captured
EV-0126,ui_dump,.reference-local/ui-dumps/EV-0126.xml,66946bea9d476c313f6e55de6b433d24f0af34c962f6e157cf68b4c22893ae52,2026-07-18T18:34:52.6537506Z,"raw UI dump capture",pass,captured
EV-0127,screenshot,.reference-local/screenshots/EV-0127.png,94855089196847cbfe65b58a7c029fe9aff9fd33ba29a47eee7d704ed24caab7,2026-07-18T18:35:24.2616452Z,"raw screenshot capture",pass,captured
EV-0128,ui_dump,.reference-local/ui-dumps/EV-0128.xml,e55233eed3dcc1c9b772f48621b61c43b9163b859e4907f117bd89a6f7675892,2026-07-18T18:35:26.6058990Z,"raw UI dump capture",pass,captured
EV-0129,screenshot,.reference-local/screenshots/EV-0129.png,c1b1640a90b2ac60b581d040c48e9c886d6aff750a34f24fceb8311b89e569d8,2026-07-18T18:35:46.3968965Z,"raw screenshot capture",pass,captured
EV-0130,ui_dump,.reference-local/ui-dumps/EV-0130.xml,6a1c3cd05029d75bb28127e47ae1058b4d1f924b8de98c589ed49d2b1e4a6f19,2026-07-18T18:35:48.6123785Z,"raw UI dump capture",pass,captured
EV-0131,screenshot,.reference-local/screenshots/EV-0131.png,d41d038e10d69dcac16e75c6fa7b31d673fcb3ac2430e3373813839fd7f6d3ef,2026-07-18T18:35:50.7173793Z,"raw screenshot capture",pass,captured
EV-0132,ui_dump,.reference-local/ui-dumps/EV-0132.xml,28d52ef7b3db03260fe3c9f702cf1a7bf93c206fdfeed10c02aa2e24cd3d9383,2026-07-18T18:35:53.0253357Z,"raw UI dump capture",pass,captured
EV-0133,screenshot,.reference-local/screenshots/EV-0133.png,17c4dcd2acb2be53419a8c9abc82f8aef15f239f7e7cf1f0c7303ac5066b05c6,2026-07-18T18:36:26.2232466Z,"raw screenshot capture",pass,captured
EV-0134,ui_dump,.reference-local/ui-dumps/EV-0134.xml,28d52ef7b3db03260fe3c9f702cf1a7bf93c206fdfeed10c02aa2e24cd3d9383,2026-07-18T18:36:28.4584951Z,"raw UI dump capture",pass,captured
EV-0135,screenshot,.reference-local/screenshots/EV-0135.png,baf775b5d5494ee41aacda920e35274e4e978100d05829adf5451d8b186d5e69,2026-07-18T18:36:30.7194718Z,"raw screenshot capture",pass,captured
EV-0136,ui_dump,.reference-local/ui-dumps/EV-0136.xml,28d52ef7b3db03260fe3c9f702cf1a7bf93c206fdfeed10c02aa2e24cd3d9383,2026-07-18T18:36:33.0120433Z,"raw UI dump capture",pass,captured
EV-0137,screenshot,.reference-local/screenshots/EV-0137.png,8f2168555cc2905282224d003e38b44614ac8ac9947db5dee4dae3125e85fbb3,2026-07-18T18:37:00.8017143Z,"raw screenshot capture",pass,captured
EV-0138,ui_dump,.reference-local/ui-dumps/EV-0138.xml,28d52ef7b3db03260fe3c9f702cf1a7bf93c206fdfeed10c02aa2e24cd3d9383,2026-07-18T18:37:02.9792755Z,"raw UI dump capture",pass,captured
EV-0139,screenshot,.reference-local/screenshots/EV-0139.png,3e24e2a3150e3c950e3d32dbfb18cd4120e3ab752c88e8e4e1fabad3870d112b,2026-07-18T18:37:05.2695965Z,"raw screenshot capture",pass,captured
EV-0140,ui_dump,.reference-local/ui-dumps/EV-0140.xml,28d52ef7b3db03260fe3c9f702cf1a7bf93c206fdfeed10c02aa2e24cd3d9383,2026-07-18T18:37:07.5610444Z,"raw UI dump capture",pass,captured
EV-0141,screenshot,.reference-local/screenshots/EV-0141.png,baabf91cf657f9973151b4c38f9b7b6b13f5578d3e53d9c4b72f25abfa2ffa23,2026-07-18T18:37:53.4976538Z,"raw screenshot capture",pass,captured
EV-0142,ui_dump,.reference-local/ui-dumps/EV-0142.xml,28d52ef7b3db03260fe3c9f702cf1a7bf93c206fdfeed10c02aa2e24cd3d9383,2026-07-18T18:37:55.6649162Z,"raw UI dump capture",pass,captured
EV-0143,screenshot,.reference-local/screenshots/EV-0143.png,b055d6dc800046f7cfa3c44e0298d19f5ee18dad291c61fd7141cf88061d05f9,2026-07-18T18:37:57.9447180Z,"raw screenshot capture",pass,captured
EV-0144,ui_dump,.reference-local/ui-dumps/EV-0144.xml,28d52ef7b3db03260fe3c9f702cf1a7bf93c206fdfeed10c02aa2e24cd3d9383,2026-07-18T18:38:00.2048796Z,"raw UI dump capture",pass,captured
EV-0145,screenshot,.reference-local/screenshots/EV-0145.png,b58662789a9fc5f1933aaddc94dd7347925c8bd7b0763895d5d9f8a5aacb366c,2026-07-18T18:38:29.7133163Z,"raw screenshot capture",pass,captured
EV-0146,ui_dump,.reference-local/ui-dumps/EV-0146.xml,28d52ef7b3db03260fe3c9f702cf1a7bf93c206fdfeed10c02aa2e24cd3d9383,2026-07-18T18:38:31.9220239Z,"raw UI dump capture",pass,captured
EV-0147,screenshot,.reference-local/screenshots/EV-0147.png,6bef11eb457e09c64fbc51a7f29bfd52de08b0c357416ecfc890bc96f1f94f41,2026-07-18T18:38:34.1248777Z,"raw screenshot capture",pass,captured
EV-0148,ui_dump,.reference-local/ui-dumps/EV-0148.xml,28d52ef7b3db03260fe3c9f702cf1a7bf93c206fdfeed10c02aa2e24cd3d9383,2026-07-18T18:38:36.4784561Z,"raw UI dump capture",pass,captured
EV-0149,screenshot,.reference-local/screenshots/EV-0149.png,4c18f9ed8d9c2ad3bad255650fea003098fd92adc002151875d3b38b44c41943,2026-07-18T18:39:17.6482838Z,"raw screenshot capture",pass,captured
EV-0150,ui_dump,.reference-local/ui-dumps/EV-0150.xml,28d52ef7b3db03260fe3c9f702cf1a7bf93c206fdfeed10c02aa2e24cd3d9383,2026-07-18T18:39:19.8628934Z,"raw UI dump capture",pass,captured
EV-0151,screenshot,.reference-local/screenshots/EV-0151.png,71ad1c36ea4d319a4d418fdb95bc5235268c933636a741a6ce6fe70510d8d086,2026-07-18T18:39:22.1396195Z,"raw screenshot capture",pass,captured
EV-0152,ui_dump,.reference-local/ui-dumps/EV-0152.xml,28d52ef7b3db03260fe3c9f702cf1a7bf93c206fdfeed10c02aa2e24cd3d9383,2026-07-18T18:39:24.4232000Z,"raw UI dump capture",pass,captured
EV-0153,screenshot,.reference-local/screenshots/EV-0153.png,96962ef0c6ad6d19b458af92f2330635b2ec58f8e3fdab0828c23b806ab099e0,2026-07-18T18:40:12.3816816Z,"raw screenshot capture",pass,captured
EV-0154,ui_dump,.reference-local/ui-dumps/EV-0154.xml,28d52ef7b3db03260fe3c9f702cf1a7bf93c206fdfeed10c02aa2e24cd3d9383,2026-07-18T18:40:14.6444075Z,"raw UI dump capture",pass,captured
EV-0155,screenshot,.reference-local/screenshots/EV-0155.png,f3929f8ca6d0904f601a26a327a7a5f25418f698d62b7701e914eb4fe6710b78,2026-07-18T18:40:16.8378855Z,"raw screenshot capture",pass,captured
EV-0156,ui_dump,.reference-local/ui-dumps/EV-0156.xml,28d52ef7b3db03260fe3c9f702cf1a7bf93c206fdfeed10c02aa2e24cd3d9383,2026-07-18T18:40:19.1849114Z,"raw UI dump capture",pass,captured
EV-0157,screenshot,.reference-local/screenshots/EV-0157.png,ad7531c929b9f6f00919c6684c7e1e6ad60027d9878b7ac90a603fed44295963,2026-07-18T18:40:47.7022941Z,"raw screenshot capture",pass,captured
EV-0158,ui_dump,.reference-local/ui-dumps/EV-0158.xml,28d52ef7b3db03260fe3c9f702cf1a7bf93c206fdfeed10c02aa2e24cd3d9383,2026-07-18T18:40:49.9485262Z,"raw UI dump capture",pass,captured
EV-0159,screenshot,.reference-local/screenshots/EV-0159.png,12f9baeaa81710d2f6b7bbfb603b6f29e9541eb1d842fdc11f3d69f66e3b202a,2026-07-18T18:40:51.6743550Z,"raw screenshot capture",pass,captured
EV-0160,ui_dump,.reference-local/ui-dumps/EV-0160.xml,28d52ef7b3db03260fe3c9f702cf1a7bf93c206fdfeed10c02aa2e24cd3d9383,2026-07-18T18:40:53.9652360Z,"raw UI dump capture",pass,captured
EV-0161,screenshot,.reference-local/screenshots/EV-0161.png,d40cf915152d70ddac03abc7344f4dbb051f57b484b2f7f849d0b7fa098058fd,2026-07-18T18:41:25.3864122Z,"raw screenshot capture",pass,captured
EV-0162,ui_dump,.reference-local/ui-dumps/EV-0162.xml,28d52ef7b3db03260fe3c9f702cf1a7bf93c206fdfeed10c02aa2e24cd3d9383,2026-07-18T18:41:27.5983293Z,"raw UI dump capture",pass,captured
EV-0163,screenshot,.reference-local/screenshots/EV-0163.png,3d37e80991c7df3d7874dbc67ecd7e6769117c3fa6a98fe761e55883846d1f21,2026-07-18T18:41:29.8136244Z,"raw screenshot capture",pass,captured
EV-0164,ui_dump,.reference-local/ui-dumps/EV-0164.xml,28d52ef7b3db03260fe3c9f702cf1a7bf93c206fdfeed10c02aa2e24cd3d9383,2026-07-18T18:41:32.1223766Z,"raw UI dump capture",pass,captured
EV-0165,screenshot,.reference-local/screenshots/EV-0165.png,c72a064c11b31fd4b4b08ab8383abaaac6e7237bccc0306e2420f979786643ce,2026-07-18T18:42:21.0353527Z,"raw screenshot capture",pass,captured
EV-0166,ui_dump,.reference-local/ui-dumps/EV-0166.xml,28d52ef7b3db03260fe3c9f702cf1a7bf93c206fdfeed10c02aa2e24cd3d9383,2026-07-18T18:42:23.2223858Z,"raw UI dump capture",pass,captured
EV-0167,screenshot,.reference-local/screenshots/EV-0167.png,8bf2e7861c32c57e86faed3b580b7d809a16119c4f9a79a7ece9c5c1e9bca627,2026-07-18T18:42:24.9737093Z,"raw screenshot capture",pass,captured
EV-0168,ui_dump,.reference-local/ui-dumps/EV-0168.xml,9d13b8891bafb6db90119ac428ac47c9ad11683d9b14c64fe5352d9d654caae8,2026-07-18T18:42:27.3776183Z,"raw UI dump capture",pass,captured
EV-0169,screenshot,.reference-local/screenshots/EV-0169.png,49b5ffc345da36d3519d5cdd60208a979e1853c4c490ff2e207c27ae4316cfd8,2026-07-18T18:43:16.8318573Z,"raw screenshot capture",pass,captured
EV-0170,ui_dump,.reference-local/ui-dumps/EV-0170.xml,e55233eed3dcc1c9b772f48621b61c43b9163b859e4907f117bd89a6f7675892,2026-07-18T18:43:19.3638400Z,"raw UI dump capture",pass,captured
EV-0171,screenshot,.reference-local/screenshots/EV-0171.png,372bba8420715c3cbe1e4503f342a43924526e85f73edfbf09b9d1b9c66d9949,2026-07-18T18:43:49.5533625Z,"raw screenshot capture",pass,captured
EV-0172,ui_dump,.reference-local/ui-dumps/EV-0172.xml,1aa0ab10ba50e4ce5659cd2203487614c9a113cdfc439044fb8331e813a9f5ef,2026-07-18T18:43:51.7253908Z,"raw UI dump capture",pass,captured
EV-0173,screenshot,.reference-local/screenshots/EV-0173.png,ebe6703587f97a3cc3255b4296248cbaafe10302b270639a5f6ea8d64305dc49,2026-07-18T18:43:55.0172870Z,"raw screenshot capture",pass,captured
EV-0174,ui_dump,.reference-local/ui-dumps/EV-0174.xml,c2cf56b895363a7579def1c7bc5d28609a12cab1b9b2175f1f5287827f6dcdbe,2026-07-18T18:43:57.3578557Z,"raw UI dump capture",pass,captured
EV-0175,screenshot,.reference-local/screenshots/EV-0175.png,360abda636aecb7e37529117d5b9bec567c9660b1eda9e361d1b50a766fda859,2026-07-18T18:44:43.3400727Z,"raw screenshot capture",pass,captured
EV-0176,ui_dump,.reference-local/ui-dumps/EV-0176.xml,c2cf56b895363a7579def1c7bc5d28609a12cab1b9b2175f1f5287827f6dcdbe,2026-07-18T18:44:45.5244826Z,"raw UI dump capture",pass,captured
EV-0177,screenshot,.reference-local/screenshots/EV-0177.png,f52a1d8db70eaca65bb57dab1b911c7966e562b8c17c85fedde60ea338694f71,2026-07-18T18:45:35.4112290Z,"raw screenshot capture",pass,captured
EV-0178,ui_dump,.reference-local/ui-dumps/EV-0178.xml,c2cf56b895363a7579def1c7bc5d28609a12cab1b9b2175f1f5287827f6dcdbe,2026-07-18T18:45:37.8754777Z,"raw UI dump capture",pass,captured
EV-0179,screenshot,.reference-local/screenshots/EV-0179.png,f52a1d8db70eaca65bb57dab1b911c7966e562b8c17c85fedde60ea338694f71,2026-07-18T18:46:08.6642975Z,"raw screenshot capture",pass,captured
EV-0180,ui_dump,.reference-local/ui-dumps/EV-0180.xml,c2cf56b895363a7579def1c7bc5d28609a12cab1b9b2175f1f5287827f6dcdbe,2026-07-18T18:46:11.1133394Z,"raw UI dump capture",pass,captured
EV-0181,screenshot,.reference-local/screenshots/EV-0181.png,aaeb1fa99750ecf61f8e1193c6b923a09c8fdee95debb193d915edfa9e62effc,2026-07-18T18:46:14.0129065Z,"raw screenshot capture",pass,captured
EV-0182,ui_dump,.reference-local/ui-dumps/EV-0182.xml,c2cf56b895363a7579def1c7bc5d28609a12cab1b9b2175f1f5287827f6dcdbe,2026-07-18T18:46:16.4527294Z,"raw UI dump capture",pass,captured
EV-0183,screenshot,.reference-local/screenshots/EV-0183.png,2636dfcc7c85b86abd61e01ae9f6992599f6915dd75395d3632fe52ee7c02574,2026-07-18T18:46:57.5138689Z,"raw screenshot capture",pass,captured
EV-0184,ui_dump,.reference-local/ui-dumps/EV-0184.xml,c2cf56b895363a7579def1c7bc5d28609a12cab1b9b2175f1f5287827f6dcdbe,2026-07-18T18:47:00.0273370Z,"raw UI dump capture",pass,captured
EV-0185,screenshot,.reference-local/screenshots/EV-0185.png,ddba7c23cc26c9c62235e2ffef9ea24f5cf66bac26d5d9c50c9d46bc645ca95c,2026-07-18T18:47:02.8993978Z,"raw screenshot capture",pass,captured
EV-0186,ui_dump,.reference-local/ui-dumps/EV-0186.xml,c2cf56b895363a7579def1c7bc5d28609a12cab1b9b2175f1f5287827f6dcdbe,2026-07-18T18:47:05.3346955Z,"raw UI dump capture",pass,captured
EV-0187,screenshot,.reference-local/screenshots/EV-0187.png,cdf65e1a1b2745d76171214108e38aa26c7da5f49be9a7aad8ee2e7cf73902e4,2026-07-18T18:48:28.8998385Z,"raw screenshot capture",pass,captured
EV-0188,ui_dump,.reference-local/ui-dumps/EV-0188.xml,e55233eed3dcc1c9b772f48621b61c43b9163b859e4907f117bd89a6f7675892,2026-07-18T18:48:31.8796358Z,"raw UI dump capture",pass,captured
EV-0189,screenshot,.reference-local/screenshots/EV-0189.png,84328a3143e620bafbc21cd18f2f95ccad1d35b1be3bc936ad8cff5d77271d62,2026-07-18T18:49:30.6124598Z,"raw screenshot capture",pass,captured
EV-0190,ui_dump,.reference-local/ui-dumps/EV-0190.xml,c2cf56b895363a7579def1c7bc5d28609a12cab1b9b2175f1f5287827f6dcdbe,2026-07-18T18:49:33.0241205Z,"raw UI dump capture",pass,captured
EV-0194,screenshot,.reference-local/screenshots/EV-0194.png,627a9df42c8c85a6c794b9e6d8736282315041ee6fbf1a0e3853564d736cfc7d,2026-07-18T20:24:20.3236595Z,raw screenshot capture,pass,captured
EV-0195,ui_dump,.reference-local/ui-dumps/EV-0195.xml,f95c7f1449ecacbf0133a5144b194b0756a37fb0c30dd037888085798dbefd61,2026-07-18T20:24:22.5070508Z,raw ui_dump capture,pass,captured
EV-0196,screenshot,.reference-local/screenshots/EV-0196.png,4a698a67f2201b5d430b94502cbd432636e66b8133a432af97a8c4237bea4fc6,2026-07-18T20:25:24.0446659Z,raw screenshot capture,pass,captured
EV-0197,ui_dump,.reference-local/ui-dumps/EV-0197.xml,f95c7f1449ecacbf0133a5144b194b0756a37fb0c30dd037888085798dbefd61,2026-07-18T20:25:26.2485667Z,raw ui_dump capture,pass,captured
EV-0198,screenshot,.reference-local/screenshots/EV-0198.png,d876a06ea7ea2484bcb34b09c64f52a0f829658c96348a28bd2af25917caee31,2026-07-18T20:25:50.7575755Z,raw screenshot capture,pass,captured
EV-0199,ui_dump,.reference-local/ui-dumps/EV-0199.xml,f95c7f1449ecacbf0133a5144b194b0756a37fb0c30dd037888085798dbefd61,2026-07-18T20:25:52.9907860Z,raw ui_dump capture,pass,captured
EV-0200,screenshot,.reference-local/screenshots/EV-0200.png,443c34368afd8c850dcaf5b486b1cb01f87ef9900d6a1e1b3271ce7d5a0ec2d6,2026-07-18T20:26:16.4121527Z,raw screenshot capture,pass,captured
EV-0201,ui_dump,.reference-local/ui-dumps/EV-0201.xml,f95c7f1449ecacbf0133a5144b194b0756a37fb0c30dd037888085798dbefd61,2026-07-18T20:26:18.5442015Z,raw ui_dump capture,pass,captured
EV-0202,screenshot,.reference-local/screenshots/EV-0202.png,f03dd4f86f2ffc04b4e3540e8766d81575854f13b8d072388a3cbf2eaddbe1b2,2026-07-18T20:26:40.5446614Z,raw screenshot capture,pass,captured
EV-0203,ui_dump,.reference-local/ui-dumps/EV-0203.xml,f95c7f1449ecacbf0133a5144b194b0756a37fb0c30dd037888085798dbefd61,2026-07-18T20:26:42.7018263Z,raw ui_dump capture,pass,captured
EV-0204,screenshot,.reference-local/screenshots/EV-0204.png,384ca996cecd25d58e9034d929f6829f93b077108c29199150b7b0f4b47120fb,2026-07-18T20:27:02.1206334Z,raw screenshot capture,pass,captured
EV-0205,ui_dump,.reference-local/ui-dumps/EV-0205.xml,f95c7f1449ecacbf0133a5144b194b0756a37fb0c30dd037888085798dbefd61,2026-07-18T20:27:04.2608322Z,raw ui_dump capture,pass,captured
EV-0206,screenshot,.reference-local/screenshots/EV-0206.png,1ed2dbd20a22a0b360003aae03c38a8195cc4c1d4506808db08702385deb5017,2026-07-18T20:27:25.6255387Z,raw screenshot capture,pass,captured
EV-0207,ui_dump,.reference-local/ui-dumps/EV-0207.xml,f95c7f1449ecacbf0133a5144b194b0756a37fb0c30dd037888085798dbefd61,2026-07-18T20:27:27.7325037Z,raw ui_dump capture,pass,captured
EV-0208,screenshot,.reference-local/screenshots/EV-0208.png,7407570f48429a7cc19732fd85d282ce3120461a9141bc928600757ee7d95213,2026-07-18T20:27:51.1042321Z,raw screenshot capture,pass,captured
EV-0209,ui_dump,.reference-local/ui-dumps/EV-0209.xml,f95c7f1449ecacbf0133a5144b194b0756a37fb0c30dd037888085798dbefd61,2026-07-18T20:27:53.2294855Z,raw ui_dump capture,pass,captured
"EV-0210","screenshot",".reference-local/screenshots/EV-0210.png","1fd0951bbaa40a80cd3212cfdff4d4c8c1556cc285d60e3a33bf5674ccd491d5","2026-07-18T21:26:51.116Z","recovery probe not promoted: no confirmed route state action linkage","pass","probe_not_promoted"
"EV-0211","ui_dump",".reference-local/ui-dumps/EV-0211.xml","c2cf56b895363a7579def1c7bc5d28609a12cab1b9b2175f1f5287827f6dcdbe","2026-07-18T21:26:51.179Z","recovery probe not promoted: no confirmed route state action linkage","pass","probe_not_promoted"
"EV-0212","ui_dump",".reference-local/ui-dumps/EV-0212.xml","c2cf56b895363a7579def1c7bc5d28609a12cab1b9b2175f1f5287827f6dcdbe","2026-07-18T21:27:26.123Z","recovery probe not promoted: no confirmed route state action linkage","pass","probe_not_promoted"
"EV-0213","screenshot",".reference-local/screenshots/EV-0213.png","9550c6496950780870865784c89c3d9e104b5416d8463f5aa18f55ea9d1bdd31","2026-07-18T21:30:30.574Z","recovery probe not promoted: no confirmed route state action linkage","pass","probe_not_promoted"
"EV-0214","ui_dump",".reference-local/ui-dumps/EV-0214.xml","52f0770ec01a9c78ef4738e16f80b04c7ea058bb81e47860c63de4fe5b81351d","2026-07-18T21:30:34.456Z","recovery probe not promoted: no confirmed route state action linkage","pass","probe_not_promoted"
"EV-0215","screenshot",".reference-local/screenshots/EV-0215.png","8cef4361948ee44f3765c7dce85ee2e3dad0e832d3e6e7a254d04dcb7cb04fc5","2026-07-18T21:31:19.870Z","recovery probe not promoted: no confirmed route state action linkage","pass","probe_not_promoted"
"EV-0216","ui_dump",".reference-local/ui-dumps/EV-0216.xml","c2cf56b895363a7579def1c7bc5d28609a12cab1b9b2175f1f5287827f6dcdbe","2026-07-18T21:31:22.762Z","recovery probe not promoted: no confirmed route state action linkage","pass","probe_not_promoted"
"EV-0217","screenshot",".reference-local/screenshots/EV-0217.png","83ffe0bb55218e6a14da033acec643ee60e54a38423a011e783fadb24b4fefca","2026-07-18T21:32:01.563Z","recovery probe not promoted: no confirmed route state action linkage","pass","probe_not_promoted"
"EV-0218","ui_dump",".reference-local/ui-dumps/EV-0218.xml","c2cf56b895363a7579def1c7bc5d28609a12cab1b9b2175f1f5287827f6dcdbe","2026-07-18T21:32:04.108Z","recovery probe not promoted: no confirmed route state action linkage","pass","probe_not_promoted"
"EV-0219","screenshot",".reference-local/screenshots/EV-0219.png","83ffe0bb55218e6a14da033acec643ee60e54a38423a011e783fadb24b4fefca","2026-07-18T21:32:44.073Z","recovery probe not promoted: no confirmed route state action linkage","pass","probe_not_promoted"
"EV-0220","ui_dump",".reference-local/ui-dumps/EV-0220.xml","c2cf56b895363a7579def1c7bc5d28609a12cab1b9b2175f1f5287827f6dcdbe","2026-07-18T21:32:46.786Z","recovery probe not promoted: no confirmed route state action linkage","pass","probe_not_promoted"
"EV-0221","screenshot",".reference-local/screenshots/EV-0221.png","6da423b5ed7082bfeb89aa8a50a3a19442262d4d56a470b2c03034d1523f13de","2026-07-18T21:34:12.490Z","recovery probe not promoted: no confirmed route state action linkage","pass","probe_not_promoted"
"EV-0222","ui_dump",".reference-local/ui-dumps/EV-0222.xml","c2cf56b895363a7579def1c7bc5d28609a12cab1b9b2175f1f5287827f6dcdbe","2026-07-18T21:34:15.463Z","recovery probe not promoted: no confirmed route state action linkage","pass","probe_not_promoted"
"EV-0223","screenshot",".reference-local/screenshots/EV-0223.png","55c07fff2e5f5f281da5c41933feade67652bb91099003c423143fb5c2a351be","2026-07-18T21:35:22.693Z","recovery probe not promoted: no confirmed route state action linkage","pass","probe_not_promoted"
"EV-0224","ui_dump",".reference-local/ui-dumps/EV-0224.xml","c2cf56b895363a7579def1c7bc5d28609a12cab1b9b2175f1f5287827f6dcdbe","2026-07-18T21:35:25.499Z","recovery probe not promoted: no confirmed route state action linkage","pass","probe_not_promoted"
"EV-0225","screenshot",".reference-local/screenshots/EV-0225.png","dce1d6dab1a05463a36ff1c9e22dd7c5d2f7d5fa0b8db361deb2739cbb470700","2026-07-18T21:36:16.566Z","recovery probe not promoted: no confirmed route state action linkage","pass","probe_not_promoted"
"EV-0226","ui_dump",".reference-local/ui-dumps/EV-0226.xml","c2cf56b895363a7579def1c7bc5d28609a12cab1b9b2175f1f5287827f6dcdbe","2026-07-18T21:36:19.498Z","recovery probe not promoted: no confirmed route state action linkage","pass","probe_not_promoted"
"EV-0227","screenshot",".reference-local/screenshots/EV-0227.png","c50c0645583e345c152102c4be2e2641113a39cca7f9915c8b552233bff71014","2026-07-18T21:37:25.039Z","recovery probe not promoted: host launcher surface with unrelated app labels","fail","probe_not_promoted"
"EV-0228","ui_dump",".reference-local/ui-dumps/EV-0228.xml","a35b9838430f738d1c10652cd2252038c13e7275f59207a04ed58d92f17e2c87","2026-07-18T21:37:27.672Z","recovery probe not promoted: host launcher surface with unrelated app labels","fail","probe_not_promoted"
"EV-0229","screenshot",".reference-local/screenshots/EV-0229.png","48899ccba37a27408069b7a6759b5cbc9708c6959e7e7c0cf3c35fd782eeb14a","2026-07-18T21:38:12.690Z","recovery probe not promoted: no confirmed route state action linkage","pass","probe_not_promoted"
"EV-0230","ui_dump",".reference-local/ui-dumps/EV-0230.xml","e55233eed3dcc1c9b772f48621b61c43b9163b859e4907f117bd89a6f7675892","2026-07-18T21:38:15.371Z","recovery probe not promoted: no confirmed route state action linkage","pass","probe_not_promoted"
"EV-0231","screenshot",".reference-local/screenshots/EV-0231.png","85bf1f04cf7fb2c2ca655495170784fbfe9d0e0038cb777c5b77f24772df84fa","2026-07-18T21:39:14.504Z","recovery probe not promoted: no confirmed route state action linkage","pass","probe_not_promoted"
"EV-0232","ui_dump",".reference-local/ui-dumps/EV-0232.xml","6a1c3cd05029d75bb28127e47ae1058b4d1f924b8de98c589ed49d2b1e4a6f19","2026-07-18T21:39:17.866Z","recovery probe not promoted: no confirmed route state action linkage","pass","probe_not_promoted"
"EV-0233","screenshot",".reference-local/screenshots/EV-0233.png","199ed64655865bfd066ff69671590962e7c2e9c588b0eef64eea71ed571cc20f","2026-07-18T22:00:02.565Z","validated recovery node anchor for ST-0001 clean launch","pass","captured"
"EV-0234","ui_dump",".reference-local/ui-dumps/EV-0233.xml","6a1c3cd05029d75bb28127e47ae1058b4d1f924b8de98c589ed49d2b1e4a6f19","2026-07-18T22:00:05.189Z","validated recovery node anchor for ST-0001 clean launch","pass","captured"
"EV-0235","screenshot",".reference-local/screenshots/EV-0235.png","693e618801888676f4158af13e5e0d419ca9e8be4a1af5d9bbca8d70110558d8","2026-07-18T22:01:11.361Z","recovery probe not promoted: no confirmed route state action linkage","pass","probe_not_promoted"
"EV-0236","ui_dump",".reference-local/ui-dumps/EV-0235.xml","9d13b8891bafb6db90119ac428ac47c9ad11683d9b14c64fe5352d9d654caae8","2026-07-18T22:01:15.644Z","recovery probe not promoted: no confirmed route state action linkage","pass","probe_not_promoted"
"EV-0237","screenshot",".reference-local/screenshots/EV-0237.png","693e618801888676f4158af13e5e0d419ca9e8be4a1af5d9bbca8d70110558d8","2026-07-18T22:03:04.931Z","recovery probe not promoted: no confirmed route state action linkage","pass","probe_not_promoted"
"EV-0238","ui_dump",".reference-local/ui-dumps/EV-0237.xml","9d13b8891bafb6db90119ac428ac47c9ad11683d9b14c64fe5352d9d654caae8","2026-07-18T22:03:07.112Z","recovery probe not promoted: no confirmed route state action linkage","pass","probe_not_promoted"
"EV-0239","screenshot",".reference-local/screenshots/EV-0239.png","a651c02051188540458b88491a2315d8808bebbb79cf241b6c74da4e3ad1019e","2026-07-18T22:04:11.515Z","recovery probe not promoted: no confirmed route state action linkage","pass","probe_not_promoted"
"EV-0240","ui_dump",".reference-local/ui-dumps/EV-0239.xml","7d24baa942b7ff4561d9660c5ddb545417f43ac37b9c2a612a7a11647f1b3a6a","2026-07-18T22:04:14.074Z","recovery probe not promoted: no confirmed route state action linkage","pass","probe_not_promoted"
"EV-0241","screenshot",".reference-local/screenshots/EV-0241.png","a651c02051188540458b88491a2315d8808bebbb79cf241b6c74da4e3ad1019e","2026-07-18T22:05:24.255Z","recovery probe not promoted: no confirmed route state action linkage","pass","probe_not_promoted"
"EV-0242","ui_dump",".reference-local/ui-dumps/EV-0241.xml","7d24baa942b7ff4561d9660c5ddb545417f43ac37b9c2a612a7a11647f1b3a6a","2026-07-18T22:05:26.525Z","recovery probe not promoted: no confirmed route state action linkage","pass","probe_not_promoted"
"EV-0243","screenshot",".reference-local/screenshots/EV-0243.png","7e9f0d649bae7a8f10b8d60418a2ba2f14d753fcdb79162757d1c2bb5b3c6fc4","2026-07-18T22:06:47.134Z","validated recovery node anchor for ST-0003 active battle","pass","captured"
"EV-0244","ui_dump",".reference-local/ui-dumps/EV-0243.xml","28d52ef7b3db03260fe3c9f702cf1a7bf93c206fdfeed10c02aa2e24cd3d9383","2026-07-18T22:06:50.536Z","validated recovery node anchor for ST-0003 active battle","pass","captured"
"EV-0245","screenshot",".reference-local/screenshots/EV-0245.png","83284929358c85350c650b993230aee485e73a0a0b9252db3d65d4c4e76a78b8","2026-07-18T22:08:32.779Z","recovery probe not promoted: no confirmed route state action linkage","pass","probe_not_promoted"
"EV-0246","ui_dump",".reference-local/ui-dumps/EV-0245.xml","28d52ef7b3db03260fe3c9f702cf1a7bf93c206fdfeed10c02aa2e24cd3d9383","2026-07-18T22:08:35.178Z","recovery probe not promoted: no confirmed route state action linkage","pass","probe_not_promoted"
"EV-0247","screenshot",".reference-local/screenshots/EV-0247.png","a6582ce286ac30253e7b8bc69a1cfc49365f7845f0c8d63f30592f764aec6a6f","2026-07-18T22:09:48.733Z","recovery probe not promoted: no confirmed route state action linkage","pass","probe_not_promoted"
"EV-0248","ui_dump",".reference-local/ui-dumps/EV-0247.xml","28d52ef7b3db03260fe3c9f702cf1a7bf93c206fdfeed10c02aa2e24cd3d9383","2026-07-18T22:09:51.028Z","recovery probe not promoted: no confirmed route state action linkage","pass","probe_not_promoted"
"EV-0249","screenshot",".reference-local/screenshots/EV-0249.png","a316c450daa8c93e66a7211e8f2ebf8f4af9a7da453f7d6a63bbdc0c1795d7b5","2026-07-18T22:11:20.408Z","recovery probe not promoted: no confirmed route state action linkage","pass","probe_not_promoted"
"EV-0250","ui_dump",".reference-local/ui-dumps/EV-0249.xml","28d52ef7b3db03260fe3c9f702cf1a7bf93c206fdfeed10c02aa2e24cd3d9383","2026-07-18T22:11:23.134Z","recovery probe not promoted: no confirmed route state action linkage","pass","probe_not_promoted"
"EV-0251","screenshot",".reference-local/screenshots/EV-0251.png","96c88be30571c7d9aac178c200d8861979a6fa5e41161af817c4cdcdd551dbc6","2026-07-18T22:12:11.135Z","recovery probe not promoted: host launcher surface with unrelated app labels","fail","probe_not_promoted"
"EV-0252","ui_dump",".reference-local/ui-dumps/EV-0251.xml","a35b9838430f738d1c10652cd2252038c13e7275f59207a04ed58d92f17e2c87","2026-07-18T22:12:13.424Z","recovery probe not promoted: host launcher surface with unrelated app labels","fail","probe_not_promoted"
"EV-0253","screenshot",".reference-local/screenshots/EV-0253.png","27672f3c9f523d60681507045892ab1814326d3e7cac10bec9118479913e3edb","2026-07-18T22:13:03.270Z","recovery probe not promoted: no confirmed route state action linkage","pass","probe_not_promoted"
"EV-0254","ui_dump",".reference-local/ui-dumps/EV-0253.xml","52f0770ec01a9c78ef4738e16f80b04c7ea058bb81e47860c63de4fe5b81351d","2026-07-18T22:13:04.987Z","recovery probe not promoted: no confirmed route state action linkage","pass","probe_not_promoted"
"EV-0255","screenshot",".reference-local/screenshots/EV-0255.png","e0f17a48b2336df27580998f0bf29b6c1661fd9c31dd12bb02d6ecc48f5637b8","2026-07-18T22:14:27.350Z","recovery probe not promoted: no confirmed route state action linkage","pass","probe_not_promoted"
"EV-0256","ui_dump",".reference-local/ui-dumps/EV-0255.xml","1aa0ab10ba50e4ce5659cd2203487614c9a113cdfc439044fb8331e813a9f5ef","2026-07-18T22:14:29.917Z","recovery probe not promoted: no confirmed route state action linkage","pass","probe_not_promoted"
"EV-0257","screenshot",".reference-local/screenshots/EV-0257.png","d42ed3b3659e71a8c28feda4ecfc997f21de4e4d012d1094ad0f4b6c4d2af8ca","2026-07-18T22:16:22.960Z","recovery probe not promoted: no confirmed route state action linkage","pass","probe_not_promoted"
"EV-0258","ui_dump",".reference-local/ui-dumps/EV-0257.xml","c2cf56b895363a7579def1c7bc5d28609a12cab1b9b2175f1f5287827f6dcdbe","2026-07-18T22:16:25.414Z","recovery probe not promoted: no confirmed route state action linkage","pass","probe_not_promoted"
"EV-0259","screenshot",".reference-local/screenshots/EV-0259.png","e735d1c1a8e0845542f3e7d0d5667639d5f5b8cf7ff24a13547d174d9ee93f45","2026-07-18T22:17:14.949Z","recovery probe not promoted: no confirmed route state action linkage","pass","probe_not_promoted"
"EV-0260","ui_dump",".reference-local/ui-dumps/EV-0259.xml","c2cf56b895363a7579def1c7bc5d28609a12cab1b9b2175f1f5287827f6dcdbe","2026-07-18T22:17:17.125Z","recovery probe not promoted: no confirmed route state action linkage","pass","probe_not_promoted"
"EV-0261","screenshot",".reference-local/screenshots/EV-0261.png","961ae7cc603f20c54b3a0b65677d271055d98e8972d45dbde9e548007b857377","2026-07-18T22:19:25.684Z","recovery probe not promoted: no confirmed route state action linkage","pass","probe_not_promoted"
"EV-0262","ui_dump",".reference-local/ui-dumps/EV-0261.xml","c2cf56b895363a7579def1c7bc5d28609a12cab1b9b2175f1f5287827f6dcdbe","2026-07-18T22:19:28.448Z","recovery probe not promoted: no confirmed route state action linkage","pass","probe_not_promoted"
"EV-0263","screenshot",".reference-local/screenshots/EV-0263.png","b1c896480175522ed202256ad57b80f31ee265a59984456f71ca3fca978c1c9d","2026-07-18T22:21:27.703Z","recovery probe not promoted: no confirmed route state action linkage","pass","probe_not_promoted"
"EV-0264","ui_dump",".reference-local/ui-dumps/EV-0263.xml","c2cf56b895363a7579def1c7bc5d28609a12cab1b9b2175f1f5287827f6dcdbe","2026-07-18T22:21:29.983Z","recovery probe not promoted: no confirmed route state action linkage","pass","probe_not_promoted"
"EV-0265","screenshot",".reference-local/screenshots/EV-0265.png","017a98f919af0cac9be7cbe17dc7a1d388a996eebf7e4c92292d1ca87a7f8516","2026-07-18T22:22:50.353Z","recovery probe not promoted: no confirmed route state action linkage","pass","probe_not_promoted"
"EV-0266","ui_dump",".reference-local/ui-dumps/EV-0265.xml","c2cf56b895363a7579def1c7bc5d28609a12cab1b9b2175f1f5287827f6dcdbe","2026-07-18T22:22:52.596Z","recovery probe not promoted: no confirmed route state action linkage","pass","probe_not_promoted"
"EV-0267","screenshot",".reference-local/screenshots/EV-0267.png","d32c8365291f0aecb34e670205111d4ee80bc6c64634a6e7ef27c6d091ff0de1","2026-07-18T22:24:45.712Z","recovery probe not promoted: no confirmed route state action linkage","pass","probe_not_promoted"
"EV-0268","ui_dump",".reference-local/ui-dumps/EV-0267.xml","c2cf56b895363a7579def1c7bc5d28609a12cab1b9b2175f1f5287827f6dcdbe","2026-07-18T22:24:48.123Z","recovery probe not promoted: no confirmed route state action linkage","pass","probe_not_promoted"
"EV-0269","screenshot",".reference-local/screenshots/EV-0269.png","359a3559454bef8096a63489209f66c85a27655bf6884083f27dea38b43d3236","2026-07-18T22:26:23.270Z","recovery probe not promoted: no confirmed route state action linkage","pass","probe_not_promoted"
"EV-0270","ui_dump",".reference-local/ui-dumps/EV-0269.xml","c2cf56b895363a7579def1c7bc5d28609a12cab1b9b2175f1f5287827f6dcdbe","2026-07-18T22:26:25.665Z","recovery probe not promoted: no confirmed route state action linkage","pass","probe_not_promoted"
"EV-0271","screenshot",".reference-local/screenshots/EV-0271.png","42fd2f132d593bb434ebe189529eeb07ff740a653115d2a3fc940e3495340b7a","2026-07-18T22:28:00.560Z","recovery probe not promoted: no confirmed route state action linkage","pass","probe_not_promoted"
"EV-0272","ui_dump",".reference-local/ui-dumps/EV-0271.xml","c2cf56b895363a7579def1c7bc5d28609a12cab1b9b2175f1f5287827f6dcdbe","2026-07-18T22:28:02.988Z","recovery probe not promoted: no confirmed route state action linkage","pass","probe_not_promoted"
"EV-0273","screenshot",".reference-local/screenshots/EV-0273.png","50f5ab542f807ea51c6ed90092e06a5627df2fd5a1da0bc92691f1e928d370c7","2026-07-18T22:29:37.571Z","recovery probe not promoted: no confirmed route state action linkage","pass","probe_not_promoted"
"EV-0274","ui_dump",".reference-local/ui-dumps/EV-0273.xml","c2cf56b895363a7579def1c7bc5d28609a12cab1b9b2175f1f5287827f6dcdbe","2026-07-18T22:29:39.929Z","recovery probe not promoted: no confirmed route state action linkage","pass","probe_not_promoted"
"EV-0275","screenshot",".reference-local/screenshots/EV-0275.png","29368358357963f657cb3e3ef3b95afcfaf7657d3905082679e03f941ca364c1","2026-07-18T22:31:14.997Z","recovery probe not promoted: no confirmed route state action linkage","pass","probe_not_promoted"
"EV-0276","ui_dump",".reference-local/ui-dumps/EV-0275.xml","c2cf56b895363a7579def1c7bc5d28609a12cab1b9b2175f1f5287827f6dcdbe","2026-07-18T22:31:18.086Z","recovery probe not promoted: no confirmed route state action linkage","pass","probe_not_promoted"
"EV-0277","screenshot",".reference-local/screenshots/EV-0277.png","b1c896480175522ed202256ad57b80f31ee265a59984456f71ca3fca978c1c9d","2026-07-18T22:32:58.875Z","recovery probe not promoted: no confirmed route state action linkage","pass","probe_not_promoted"
"EV-0278","ui_dump",".reference-local/ui-dumps/EV-0277.xml","c2cf56b895363a7579def1c7bc5d28609a12cab1b9b2175f1f5287827f6dcdbe","2026-07-18T22:33:01.565Z","recovery probe not promoted: no confirmed route state action linkage","pass","probe_not_promoted"
